HIERARCHY,ALL_CUSTOMERS_ID,ALL_CUSTOMERS_NM,ALL_CUSTOMERS_DESC,CUSTOMER_TYPE_ID,CUSTOMER_TYPE_NM,CUSTOMER_TYPE_DESC,CUSTOMER_ID,CUSTOMER_NM,CUSTOMER_DESC
CUSTOMER,1000000,All Customer,All Customer,5000001,Drug Stores,Drug Stores,6000002,DRG001,DRG001
CUSTOMER,1000000,All Customer,All Customer,5000001,Drug Stores,Drug Stores,6000003,DRG002,DRG002
CUSTOMER,1000000,All Customer,All Customer,5000001,Drug Stores,Drug Stores,6000004,DRG003,DRG003
CUSTOMER,1000000,All Customer,All Customer,5000002,Grocery Store,Grocery Store,6000005,GRC001,GRC001
CUSTOMER,1000000,All Customer,All Customer,5000002,Grocery Store,Grocery Store,6000006,GRC002,GRC002
CUSTOMER,1000000,All Customer,All Customer,5000002,Grocery Store,Grocery Store,6000007,GRC003,GRC003
CUSTOMER,1000000,All Customer,All Customer,5000002,Grocery Store,Grocery Store,6000008,GRC004,GRC004
CUSTOMER,1000000,All Customer,All Customer,5000002,Grocery Store,Grocery Store,6000009,GRC005,GRC005
CUSTOMER,1000000,All Customer,All Customer,5000003,Salons,Salons,6000010,SLN001,SLN001
CUSTOMER,1000000,All Customer,All Customer,5000003,Salons,Salons,6000011,SLN002,SLN002
CUSTOMER,1000000,All Customer,All Customer,5000003,Salons,Salons,6000012,SLN003,SLN003
CUSTOMER,1000000,All Customer,All Customer,5000003,Salons,Salons,6000013,SLN004,SLN004
CUSTOMER,1000000,All Customer,All Customer,5000003,Salons,Salons,6000014,SLN005,SLN005
CUSTOMER,1000000,All Customer,All Customer,5000004,Wholesalers,Wholesalers,6000015,DSC001,DSC001
CUSTOMER,1000000,All Customer,All Customer,5000004,Wholesalers,Wholesalers,6000016,DSC002,DSC002
CUSTOMER,1000000,All Customer,All Customer,5000004,Wholesalers,Wholesalers,6000017,DSC003,DSC003
CUSTOMER,1000000,All Customer,All Customer,5000004,Wholesalers,Wholesalers,6000018,DSC004,DSC004
CUSTOMER,1000000,All Customer,All Customer,5000004,Wholesalers,Wholesalers,6000019,DSC005,DSC005
CUSTOMER,1000000,All Customer,All Customer,5000004,Wholesalers,Wholesalers,6000020,DSC006,DSC006
CUSTOMER,1000000,All Customer,All Customer,5000004,Wholesalers,Wholesalers,6000021,DSC007,DSC007
CUSTOMER,1000000,All Customer,All Customer,5000005,Internal,Internal,6000100,DSC007,DSC007
