CUSTOMER_ID,CUSTOMER_INTRODUCTION_DT,CUSTOMER_DISCONTINUED_DT,KEY_ACCOUNT,NUMBER_LOCS,ECOM,DSD,B_AND_M,CENTRALLY_SOURCED,COUNTRY,MIN_ORDER,ACCOUNT_FEE
6000002,28FEB2021,31DEC5999,,,,,,,,,
6000003,28FEB2021,31DEC5999,,,,,,,,,
6000004,28FEB2021,31DEC5999,,,,,,,,,
6000005,28FEB2021,31DEC5999,,,,,,,,,
6000006,28FEB2021,31DEC5999,,,,,,,,,
6000007,28FEB2021,31DEC5999,,,,,,,,,
6000008,28FEB2021,31DEC5999,,,,,,,,,
6000009,28FEB2021,31DEC5999,,,,,,,,,
6000010,28FEB2021,31DEC5999,,,,,,,,,
6000011,28FEB2021,31DEC5999,,,,,,,,,
6000012,28FEB2021,31DEC5999,,,,,,,,,
6000013,28FEB2021,31DEC5999,,,,,,,,,
6000014,28FEB2021,31DEC5999,,,,,,,,,
6000015,28FEB2021,31DEC5999,,,,,,,,,
6000016,28FEB2021,31DEC5999,,,,,,,,,
6000017,28FEB2021,31DEC5999,,,,,,,,,
6000018,28FEB2021,31DEC5999,,,,,,,,,
6000019,28FEB2021,31DEC5999,,,,,,,,,
6000020,28FEB2021,31DEC5999,,,,,,,,,
6000021,28FEB2021,31DEC5999,,,,,,,,,
6000100,28FEB2021,31DEC5999,,,,,,,,,
